--------------------------------------------------------
--  파일이 생성됨 - 수요일-7월-31-2024   
--------------------------------------------------------
--------------------------------------------------------
--  DDL for Sequence BOARD_BOARD_ID_SEQ
--------------------------------------------------------

   CREATE SEQUENCE  "AA"."BOARD_BOARD_ID_SEQ"  MINVALUE 1 MAXVALUE 9999999999999999999999999999 INCREMENT BY 1 START WITH 7 NOCACHE  NOORDER  NOCYCLE ;
--------------------------------------------------------
--  DDL for Sequence POST_COMMENT_COMMENT_NO_SEQ
--------------------------------------------------------

   CREATE SEQUENCE  "AA"."POST_COMMENT_COMMENT_NO_SEQ"  MINVALUE 1 MAXVALUE 9999999999999999999999999999 INCREMENT BY 1 START WITH 64 NOCACHE  NOORDER  NOCYCLE ;
--------------------------------------------------------
--  DDL for Sequence POST_MINI_POST_NO_SEQ
--------------------------------------------------------

   CREATE SEQUENCE  "AA"."POST_MINI_POST_NO_SEQ"  MINVALUE 1 MAXVALUE 9999999999999999999999999999 INCREMENT BY 1 START WITH 59 NOCACHE  NOORDER  NOCYCLE ;
--------------------------------------------------------
--  DDL for Sequence POST_POST_NO_SEQ
--------------------------------------------------------

   CREATE SEQUENCE  "AA"."POST_POST_NO_SEQ"  MINVALUE 1 MAXVALUE 9999999999999999999999999999 INCREMENT BY 1 START WITH 95 NOCACHE  NOORDER  NOCYCLE ;
--------------------------------------------------------
--  DDL for Sequence POST_SEQ
--------------------------------------------------------

   CREATE SEQUENCE  "AA"."POST_SEQ"  MINVALUE 1 MAXVALUE 9999999999999999999999999999 INCREMENT BY 1 START WITH 88 NOCACHE  NOORDER  NOCYCLE ;
--------------------------------------------------------
--  DDL for Sequence USER_SEQ
--------------------------------------------------------

   CREATE SEQUENCE  "AA"."USER_SEQ"  MINVALUE 1 MAXVALUE 9999999999999999999999999999 INCREMENT BY 1 START WITH 45 NOCACHE  NOORDER  NOCYCLE ;
--------------------------------------------------------
--  DDL for Sequence VOTE_SEQ
--------------------------------------------------------

   CREATE SEQUENCE  "AA"."VOTE_SEQ"  MINVALUE 1 MAXVALUE 9999999999999999999999999999 INCREMENT BY 1 START WITH 26 NOCACHE  NOORDER  NOCYCLE ;
--------------------------------------------------------
--  DDL for Table BOARD
--------------------------------------------------------

  CREATE TABLE "AA"."BOARD" 
   (	"BOARD_ID" NUMBER, 
	"BOARD_TYPE" VARCHAR2(20 BYTE), 
	"BOARD_CATEGORY" VARCHAR2(20 BYTE)
   ) SEGMENT CREATION IMMEDIATE 
  PCTFREE 10 PCTUSED 40 INITRANS 1 MAXTRANS 255 NOCOMPRESS LOGGING
  STORAGE(INITIAL 65536 NEXT 1048576 MINEXTENTS 1 MAXEXTENTS 2147483645
  PCTINCREASE 0 FREELISTS 1 FREELIST GROUPS 1 BUFFER_POOL DEFAULT FLASH_CACHE DEFAULT CELL_FLASH_CACHE DEFAULT)
  TABLESPACE "USERS" ;
--------------------------------------------------------
--  DDL for Table MANAGER
--------------------------------------------------------

  CREATE TABLE "AA"."MANAGER" 
   (	"USER_NO" NUMBER, 
	"MPERMIT" VARCHAR2(1 BYTE), 
	"MDELETE" VARCHAR2(1 BYTE)
   ) SEGMENT CREATION IMMEDIATE 
  PCTFREE 10 PCTUSED 40 INITRANS 1 MAXTRANS 255 NOCOMPRESS LOGGING
  STORAGE(INITIAL 65536 NEXT 1048576 MINEXTENTS 1 MAXEXTENTS 2147483645
  PCTINCREASE 0 FREELISTS 1 FREELIST GROUPS 1 BUFFER_POOL DEFAULT FLASH_CACHE DEFAULT CELL_FLASH_CACHE DEFAULT)
  TABLESPACE "USERS" ;
--------------------------------------------------------
--  DDL for Table POST
--------------------------------------------------------

  CREATE TABLE "AA"."POST" 
   (	"POST_NO" NUMBER, 
	"USER_NO" NUMBER, 
	"BOARD_ID" NUMBER, 
	"TITLE" VARCHAR2(200 BYTE), 
	"VIEW_COUNT" NUMBER DEFAULT 0, 
	"REGDATE" TIMESTAMP (6) DEFAULT sysdate, 
	"LIKE_COUNT" NUMBER DEFAULT 0, 
	"CONTENT" CLOB, 
	"CODE_LANGUAGE" VARCHAR2(20 BYTE), 
	"CODE_CONTENT" CLOB
   ) SEGMENT CREATION IMMEDIATE 
  PCTFREE 10 PCTUSED 40 INITRANS 1 MAXTRANS 255 NOCOMPRESS LOGGING
  STORAGE(INITIAL 65536 NEXT 1048576 MINEXTENTS 1 MAXEXTENTS 2147483645
  PCTINCREASE 0 FREELISTS 1 FREELIST GROUPS 1 BUFFER_POOL DEFAULT FLASH_CACHE DEFAULT CELL_FLASH_CACHE DEFAULT)
  TABLESPACE "USERS" 
 LOB ("CONTENT") STORE AS BASICFILE (
  TABLESPACE "USERS" ENABLE STORAGE IN ROW CHUNK 8192 RETENTION 
  NOCACHE LOGGING 
  STORAGE(INITIAL 65536 NEXT 1048576 MINEXTENTS 1 MAXEXTENTS 2147483645
  PCTINCREASE 0 FREELISTS 1 FREELIST GROUPS 1 BUFFER_POOL DEFAULT FLASH_CACHE DEFAULT CELL_FLASH_CACHE DEFAULT)) 
 LOB ("CODE_CONTENT") STORE AS BASICFILE (
  TABLESPACE "USERS" ENABLE STORAGE IN ROW CHUNK 8192 RETENTION 
  NOCACHE LOGGING 
  STORAGE(INITIAL 65536 NEXT 1048576 MINEXTENTS 1 MAXEXTENTS 2147483645
  PCTINCREASE 0 FREELISTS 1 FREELIST GROUPS 1 BUFFER_POOL DEFAULT FLASH_CACHE DEFAULT CELL_FLASH_CACHE DEFAULT)) ;
--------------------------------------------------------
--  DDL for Table POST_COMMENT
--------------------------------------------------------

  CREATE TABLE "AA"."POST_COMMENT" 
   (	"COMMENT_NO" NUMBER, 
	"USER_NO" NUMBER, 
	"BOARD_ID" NUMBER, 
	"POST_NO" NUMBER, 
	"COMMENT_CONTENT" CLOB, 
	"REGDATE" TIMESTAMP (6), 
	"LIKE_COUNT" NUMBER DEFAULT 0, 
	"PARENT_ID" NUMBER
   ) SEGMENT CREATION IMMEDIATE 
  PCTFREE 10 PCTUSED 40 INITRANS 1 MAXTRANS 255 NOCOMPRESS LOGGING
  STORAGE(INITIAL 65536 NEXT 1048576 MINEXTENTS 1 MAXEXTENTS 2147483645
  PCTINCREASE 0 FREELISTS 1 FREELIST GROUPS 1 BUFFER_POOL DEFAULT FLASH_CACHE DEFAULT CELL_FLASH_CACHE DEFAULT)
  TABLESPACE "USERS" 
 LOB ("COMMENT_CONTENT") STORE AS BASICFILE (
  TABLESPACE "USERS" ENABLE STORAGE IN ROW CHUNK 8192 RETENTION 
  NOCACHE LOGGING 
  STORAGE(INITIAL 65536 NEXT 1048576 MINEXTENTS 1 MAXEXTENTS 2147483645
  PCTINCREASE 0 FREELISTS 1 FREELIST GROUPS 1 BUFFER_POOL DEFAULT FLASH_CACHE DEFAULT CELL_FLASH_CACHE DEFAULT)) ;
--------------------------------------------------------
--  DDL for Table POST_MINI
--------------------------------------------------------

  CREATE TABLE "AA"."POST_MINI" 
   (	"POST_NO" NUMBER, 
	"BOARD_TYPE" VARCHAR2(20 BYTE), 
	"BOARD_CATEGORY" VARCHAR2(20 BYTE), 
	"CONTENT" CLOB, 
	"REGDATE" TIMESTAMP (6) DEFAULT sysdate, 
	"VIEW_COUNT" NUMBER DEFAULT 0, 
	"USER_NO" NUMBER, 
	"LIKE_COUNT" NUMBER DEFAULT 0, 
	"YES" NUMBER DEFAULT 0, 
	"NO" NUMBER DEFAULT 0
   ) SEGMENT CREATION IMMEDIATE 
  PCTFREE 10 PCTUSED 40 INITRANS 1 MAXTRANS 255 NOCOMPRESS LOGGING
  STORAGE(INITIAL 65536 NEXT 1048576 MINEXTENTS 1 MAXEXTENTS 2147483645
  PCTINCREASE 0 FREELISTS 1 FREELIST GROUPS 1 BUFFER_POOL DEFAULT FLASH_CACHE DEFAULT CELL_FLASH_CACHE DEFAULT)
  TABLESPACE "USERS" 
 LOB ("CONTENT") STORE AS BASICFILE (
  TABLESPACE "USERS" ENABLE STORAGE IN ROW CHUNK 8192 RETENTION 
  NOCACHE LOGGING 
  STORAGE(INITIAL 65536 NEXT 1048576 MINEXTENTS 1 MAXEXTENTS 2147483645
  PCTINCREASE 0 FREELISTS 1 FREELIST GROUPS 1 BUFFER_POOL DEFAULT FLASH_CACHE DEFAULT CELL_FLASH_CACHE DEFAULT)) ;
--------------------------------------------------------
--  DDL for Table USERS
--------------------------------------------------------

  CREATE TABLE "AA"."USERS" 
   (	"USER_NO" NUMBER, 
	"ID" VARCHAR2(30 BYTE), 
	"PW" VARCHAR2(30 BYTE), 
	"NAME" VARCHAR2(30 BYTE), 
	"DELETED" CHAR(1 BYTE) DEFAULT 'N'
   ) SEGMENT CREATION IMMEDIATE 
  PCTFREE 10 PCTUSED 40 INITRANS 1 MAXTRANS 255 NOCOMPRESS LOGGING
  STORAGE(INITIAL 65536 NEXT 1048576 MINEXTENTS 1 MAXEXTENTS 2147483645
  PCTINCREASE 0 FREELISTS 1 FREELIST GROUPS 1 BUFFER_POOL DEFAULT FLASH_CACHE DEFAULT CELL_FLASH_CACHE DEFAULT)
  TABLESPACE "USERS" ;
--------------------------------------------------------
--  DDL for Table VOTE
--------------------------------------------------------

  CREATE TABLE "AA"."VOTE" 
   (	"VOTE_ID" NUMBER, 
	"POST_NO" NUMBER, 
	"REGDATE" TIMESTAMP (6) DEFAULT sysdate, 
	"USER_NO" NUMBER
   ) SEGMENT CREATION IMMEDIATE 
  PCTFREE 10 PCTUSED 40 INITRANS 1 MAXTRANS 255 NOCOMPRESS LOGGING
  STORAGE(INITIAL 65536 NEXT 1048576 MINEXTENTS 1 MAXEXTENTS 2147483645
  PCTINCREASE 0 FREELISTS 1 FREELIST GROUPS 1 BUFFER_POOL DEFAULT FLASH_CACHE DEFAULT CELL_FLASH_CACHE DEFAULT)
  TABLESPACE "USERS" ;
REM INSERTING into AA.BOARD
SET DEFINE OFF;
Insert into AA.BOARD (BOARD_ID,BOARD_TYPE,BOARD_CATEGORY) values (2,'질문',null);
Insert into AA.BOARD (BOARD_ID,BOARD_TYPE,BOARD_CATEGORY) values (3,'코드 리뷰',null);
Insert into AA.BOARD (BOARD_ID,BOARD_TYPE,BOARD_CATEGORY) values (4,'정보 공유',null);
Insert into AA.BOARD (BOARD_ID,BOARD_TYPE,BOARD_CATEGORY) values (5,'개설 신청 목록',null);
Insert into AA.BOARD (BOARD_ID,BOARD_TYPE,BOARD_CATEGORY) values (1,'자유',null);
Insert into AA.BOARD (BOARD_ID,BOARD_TYPE,BOARD_CATEGORY) values (6,'연예','뉴진스');
REM INSERTING into AA.MANAGER
SET DEFINE OFF;
REM INSERTING into AA.POST
SET DEFINE OFF;
Insert into AA.POST (POST_NO,USER_NO,BOARD_ID,TITLE,VIEW_COUNT,REGDATE,LIKE_COUNT,CODE_LANGUAGE) values (79,21,1,'장마 끝난 건가 이제',1,to_timestamp('24/07/31 15:14:49.000000000','RR/MM/DD HH24:MI:SSXFF'),0,null);
Insert into AA.POST (POST_NO,USER_NO,BOARD_ID,TITLE,VIEW_COUNT,REGDATE,LIKE_COUNT,CODE_LANGUAGE) values (80,21,2,'솔드브 레벨 몇까지는 도달해야 밥벌이 하나요',5,to_timestamp('24/07/31 15:15:10.000000000','RR/MM/DD HH24:MI:SSXFF'),0,null);
Insert into AA.POST (POST_NO,USER_NO,BOARD_ID,TITLE,VIEW_COUNT,REGDATE,LIKE_COUNT,CODE_LANGUAGE) values (81,21,4,'ADsP 시험 일정',2,to_timestamp('24/07/31 15:15:32.000000000','RR/MM/DD HH24:MI:SSXFF'),0,null);
Insert into AA.POST (POST_NO,USER_NO,BOARD_ID,TITLE,VIEW_COUNT,REGDATE,LIKE_COUNT,CODE_LANGUAGE) values (91,21,2,'자바 GET방식 BODY 사용 API 질문드립니다!',3,to_timestamp('24/07/31 16:02:58.000000000','RR/MM/DD HH24:MI:SSXFF'),0,null);
Insert into AA.POST (POST_NO,USER_NO,BOARD_ID,TITLE,VIEW_COUNT,REGDATE,LIKE_COUNT,CODE_LANGUAGE) values (92,21,3,'제 코드 좀 봐주세요',6,to_timestamp('24/07/31 16:05:06.000000000','RR/MM/DD HH24:MI:SSXFF'),0,'java');
Insert into AA.POST (POST_NO,USER_NO,BOARD_ID,TITLE,VIEW_COUNT,REGDATE,LIKE_COUNT,CODE_LANGUAGE) values (93,21,4,'데이터아키텍처 전문가  시험 일정',2,to_timestamp('24/07/31 16:06:04.000000000','RR/MM/DD HH24:MI:SSXFF'),0,null);
Insert into AA.POST (POST_NO,USER_NO,BOARD_ID,TITLE,VIEW_COUNT,REGDATE,LIKE_COUNT,CODE_LANGUAGE) values (94,21,1,'지옥이라니;;;;',0,to_timestamp('24/07/31 16:30:32.000000000','RR/MM/DD HH24:MI:SSXFF'),0,null);
Insert into AA.POST (POST_NO,USER_NO,BOARD_ID,TITLE,VIEW_COUNT,REGDATE,LIKE_COUNT,CODE_LANGUAGE) values (75,21,1,'여름 휴가 어디로 가지',2,to_timestamp('24/07/31 14:36:41.000000000','RR/MM/DD HH24:MI:SSXFF'),0,null);
Insert into AA.POST (POST_NO,USER_NO,BOARD_ID,TITLE,VIEW_COUNT,REGDATE,LIKE_COUNT,CODE_LANGUAGE) values (76,21,4,'정보처리기사 시험일정',2,to_timestamp('24/07/31 14:38:15.000000000','RR/MM/DD HH24:MI:SSXFF'),0,null);
Insert into AA.POST (POST_NO,USER_NO,BOARD_ID,TITLE,VIEW_COUNT,REGDATE,LIKE_COUNT,CODE_LANGUAGE) values (70,8,3,'코드리뷰 테스트',7,to_timestamp('24/07/31 14:09:39.000000000','RR/MM/DD HH24:MI:SSXFF'),0,'java');
Insert into AA.POST (POST_NO,USER_NO,BOARD_ID,TITLE,VIEW_COUNT,REGDATE,LIKE_COUNT,CODE_LANGUAGE) values (77,21,1,'띄어쓰기불편하쥬',29,to_timestamp('24/07/31 14:44:50.000000000','RR/MM/DD HH24:MI:SSXFF'),1,null);
Insert into AA.POST (POST_NO,USER_NO,BOARD_ID,TITLE,VIEW_COUNT,REGDATE,LIKE_COUNT,CODE_LANGUAGE) values (68,8,1,'오늘 점심 뭐 먹음?',11,to_timestamp('24/07/31 14:07:08.000000000','RR/MM/DD HH24:MI:SSXFF'),1,null);
Insert into AA.POST (POST_NO,USER_NO,BOARD_ID,TITLE,VIEW_COUNT,REGDATE,LIKE_COUNT,CODE_LANGUAGE) values (69,8,2,'익명성 보장되나요?',5,to_timestamp('24/07/31 14:07:19.000000000','RR/MM/DD HH24:MI:SSXFF'),0,null);
Insert into AA.POST (POST_NO,USER_NO,BOARD_ID,TITLE,VIEW_COUNT,REGDATE,LIKE_COUNT,CODE_LANGUAGE) values (73,21,2,'오늘 자리까지 다 바꾸고 나면 영화 보나요?',11,to_timestamp('24/07/31 14:12:59.000000000','RR/MM/DD HH24:MI:SSXFF'),1,null);
Insert into AA.POST (POST_NO,USER_NO,BOARD_ID,TITLE,VIEW_COUNT,REGDATE,LIKE_COUNT,CODE_LANGUAGE) values (74,21,1,'집에 가고 싶다',3,to_timestamp('24/07/31 14:36:25.000000000','RR/MM/DD HH24:MI:SSXFF'),0,null);
Insert into AA.POST (POST_NO,USER_NO,BOARD_ID,TITLE,VIEW_COUNT,REGDATE,LIKE_COUNT,CODE_LANGUAGE) values (78,8,1,'치킨은 맛있어',9,to_timestamp('24/07/31 15:04:06.000000000','RR/MM/DD HH24:MI:SSXFF'),0,null);
Insert into AA.POST (POST_NO,USER_NO,BOARD_ID,TITLE,VIEW_COUNT,REGDATE,LIKE_COUNT,CODE_LANGUAGE) values (82,21,3,'출력',2,to_timestamp('24/07/31 15:18:24.000000000','RR/MM/DD HH24:MI:SSXFF'),0,'java');
Insert into AA.POST (POST_NO,USER_NO,BOARD_ID,TITLE,VIEW_COUNT,REGDATE,LIKE_COUNT,CODE_LANGUAGE) values (83,21,3,'계산',9,to_timestamp('24/07/31 15:20:16.000000000','RR/MM/DD HH24:MI:SSXFF'),5,'java');
Insert into AA.POST (POST_NO,USER_NO,BOARD_ID,TITLE,VIEW_COUNT,REGDATE,LIKE_COUNT,CODE_LANGUAGE) values (84,21,1,'외않되',111,to_timestamp('24/07/31 15:25:49.000000000','RR/MM/DD HH24:MI:SSXFF'),98,null);
Insert into AA.POST (POST_NO,USER_NO,BOARD_ID,TITLE,VIEW_COUNT,REGDATE,LIKE_COUNT,CODE_LANGUAGE) values (86,21,1,'다른 INTP들도 다 인간혐오증 있음??',2,to_timestamp('24/07/31 15:58:21.000000000','RR/MM/DD HH24:MI:SSXFF'),0,null);
Insert into AA.POST (POST_NO,USER_NO,BOARD_ID,TITLE,VIEW_COUNT,REGDATE,LIKE_COUNT,CODE_LANGUAGE) values (87,21,1,'강남역 맛집 추천해 주실 선생님 계시나요?',12,to_timestamp('24/07/31 15:58:40.000000000','RR/MM/DD HH24:MI:SSXFF'),0,null);
Insert into AA.POST (POST_NO,USER_NO,BOARD_ID,TITLE,VIEW_COUNT,REGDATE,LIKE_COUNT,CODE_LANGUAGE) values (88,21,2,'스프링 부트 리액트 배포할 땐 어떻게 하는거에요?',1,to_timestamp('24/07/31 16:00:39.000000000','RR/MM/DD HH24:MI:SSXFF'),0,null);
Insert into AA.POST (POST_NO,USER_NO,BOARD_ID,TITLE,VIEW_COUNT,REGDATE,LIKE_COUNT,CODE_LANGUAGE) values (89,21,2,'혹시 국비를 듣는다면 node vs 자바+스프링 어떤걸 추천하시나요?',2,to_timestamp('24/07/31 16:01:21.000000000','RR/MM/DD HH24:MI:SSXFF'),0,null);
Insert into AA.POST (POST_NO,USER_NO,BOARD_ID,TITLE,VIEW_COUNT,REGDATE,LIKE_COUNT,CODE_LANGUAGE) values (90,21,2,'초보가 개인 프로젝트로서 자바와 파이썬을 혼합해서 사용하는 건 별로일까요?',3,to_timestamp('24/07/31 16:01:34.000000000','RR/MM/DD HH24:MI:SSXFF'),0,null);
Insert into AA.POST (POST_NO,USER_NO,BOARD_ID,TITLE,VIEW_COUNT,REGDATE,LIKE_COUNT,CODE_LANGUAGE) values (72,21,4,'SQLD 시험 일정 ',3,to_timestamp('24/07/31 14:11:33.000000000','RR/MM/DD HH24:MI:SSXFF'),0,null);
REM INSERTING into AA.POST_COMMENT
SET DEFINE OFF;
Insert into AA.POST_COMMENT (COMMENT_NO,USER_NO,BOARD_ID,POST_NO,REGDATE,LIKE_COUNT,PARENT_ID) values (57,8,1,87,to_timestamp('24/07/31 16:05:24.255000000','RR/MM/DD HH24:MI:SSXFF'),0,null);
Insert into AA.POST_COMMENT (COMMENT_NO,USER_NO,BOARD_ID,POST_NO,REGDATE,LIKE_COUNT,PARENT_ID) values (55,8,2,91,to_timestamp('24/07/31 16:05:01.835000000','RR/MM/DD HH24:MI:SSXFF'),0,null);
Insert into AA.POST_COMMENT (COMMENT_NO,USER_NO,BOARD_ID,POST_NO,REGDATE,LIKE_COUNT,PARENT_ID) values (56,8,2,89,to_timestamp('24/07/31 16:05:14.448000000','RR/MM/DD HH24:MI:SSXFF'),0,null);
Insert into AA.POST_COMMENT (COMMENT_NO,USER_NO,BOARD_ID,POST_NO,REGDATE,LIKE_COUNT,PARENT_ID) values (58,8,2,80,to_timestamp('24/07/31 16:06:58.853000000','RR/MM/DD HH24:MI:SSXFF'),0,null);
Insert into AA.POST_COMMENT (COMMENT_NO,USER_NO,BOARD_ID,POST_NO,REGDATE,LIKE_COUNT,PARENT_ID) values (62,8,3,92,to_timestamp('24/07/31 16:07:58.394000000','RR/MM/DD HH24:MI:SSXFF'),0,null);
Insert into AA.POST_COMMENT (COMMENT_NO,USER_NO,BOARD_ID,POST_NO,REGDATE,LIKE_COUNT,PARENT_ID) values (49,8,1,77,to_timestamp('24/07/31 15:03:32.563000000','RR/MM/DD HH24:MI:SSXFF'),0,47);
Insert into AA.POST_COMMENT (COMMENT_NO,USER_NO,BOARD_ID,POST_NO,REGDATE,LIKE_COUNT,PARENT_ID) values (50,8,1,78,to_timestamp('24/07/31 15:04:11.734000000','RR/MM/DD HH24:MI:SSXFF'),0,null);
Insert into AA.POST_COMMENT (COMMENT_NO,USER_NO,BOARD_ID,POST_NO,REGDATE,LIKE_COUNT,PARENT_ID) values (47,8,1,77,null,0,null);
Insert into AA.POST_COMMENT (COMMENT_NO,USER_NO,BOARD_ID,POST_NO,REGDATE,LIKE_COUNT,PARENT_ID) values (48,8,1,77,to_timestamp('24/07/31 15:03:20.474000000','RR/MM/DD HH24:MI:SSXFF'),0,null);
Insert into AA.POST_COMMENT (COMMENT_NO,USER_NO,BOARD_ID,POST_NO,REGDATE,LIKE_COUNT,PARENT_ID) values (51,21,1,84,to_timestamp('24/07/31 15:35:40.599000000','RR/MM/DD HH24:MI:SSXFF'),0,null);
Insert into AA.POST_COMMENT (COMMENT_NO,USER_NO,BOARD_ID,POST_NO,REGDATE,LIKE_COUNT,PARENT_ID) values (52,21,1,68,to_timestamp('24/07/31 15:35:59.253000000','RR/MM/DD HH24:MI:SSXFF'),0,null);
Insert into AA.POST_COMMENT (COMMENT_NO,USER_NO,BOARD_ID,POST_NO,REGDATE,LIKE_COUNT,PARENT_ID) values (53,21,1,78,to_timestamp('24/07/31 15:36:16.045000000','RR/MM/DD HH24:MI:SSXFF'),0,50);
Insert into AA.POST_COMMENT (COMMENT_NO,USER_NO,BOARD_ID,POST_NO,REGDATE,LIKE_COUNT,PARENT_ID) values (54,21,1,78,to_timestamp('24/07/31 15:36:32.006000000','RR/MM/DD HH24:MI:SSXFF'),0,null);
Insert into AA.POST_COMMENT (COMMENT_NO,USER_NO,BOARD_ID,POST_NO,REGDATE,LIKE_COUNT,PARENT_ID) values (59,8,2,73,to_timestamp('24/07/31 16:07:08.523000000','RR/MM/DD HH24:MI:SSXFF'),0,null);
Insert into AA.POST_COMMENT (COMMENT_NO,USER_NO,BOARD_ID,POST_NO,REGDATE,LIKE_COUNT,PARENT_ID) values (60,21,1,87,to_timestamp('24/07/31 16:07:39.175000000','RR/MM/DD HH24:MI:SSXFF'),0,57);
Insert into AA.POST_COMMENT (COMMENT_NO,USER_NO,BOARD_ID,POST_NO,REGDATE,LIKE_COUNT,PARENT_ID) values (61,8,2,90,to_timestamp('24/07/31 16:07:46.087000000','RR/MM/DD HH24:MI:SSXFF'),0,null);
Insert into AA.POST_COMMENT (COMMENT_NO,USER_NO,BOARD_ID,POST_NO,REGDATE,LIKE_COUNT,PARENT_ID) values (63,21,1,87,to_timestamp('24/07/31 16:25:47.235000000','RR/MM/DD HH24:MI:SSXFF'),0,57);
REM INSERTING into AA.POST_MINI
SET DEFINE OFF;
Insert into AA.POST_MINI (POST_NO,BOARD_TYPE,BOARD_CATEGORY,REGDATE,VIEW_COUNT,USER_NO,LIKE_COUNT,YES,NO) values (56,'귀멸의 칼날 ','만화/애니',to_timestamp('24/07/31 14:35:10.430000000','RR/MM/DD HH24:MI:SSXFF'),65,24,0,2,4);
Insert into AA.POST_MINI (POST_NO,BOARD_TYPE,BOARD_CATEGORY,REGDATE,VIEW_COUNT,USER_NO,LIKE_COUNT,YES,NO) values (58,'번개장터','패션/장터',to_timestamp('24/07/31 14:38:06.543000000','RR/MM/DD HH24:MI:SSXFF'),20,24,0,1,1);
Insert into AA.POST_MINI (POST_NO,BOARD_TYPE,BOARD_CATEGORY,REGDATE,VIEW_COUNT,USER_NO,LIKE_COUNT,YES,NO) values (53,'뉴진스','연예',to_timestamp('24/07/31 14:32:54.853000000','RR/MM/DD HH24:MI:SSXFF'),14,24,0,3,1);
Insert into AA.POST_MINI (POST_NO,BOARD_TYPE,BOARD_CATEGORY,REGDATE,VIEW_COUNT,USER_NO,LIKE_COUNT,YES,NO) values (54,'피파','게임',to_timestamp('24/07/31 14:33:09.890000000','RR/MM/DD HH24:MI:SSXFF'),4,24,0,0,1);
Insert into AA.POST_MINI (POST_NO,BOARD_TYPE,BOARD_CATEGORY,REGDATE,VIEW_COUNT,USER_NO,LIKE_COUNT,YES,NO) values (52,'카리나','연예',to_timestamp('24/07/31 14:18:44.961000000','RR/MM/DD HH24:MI:SSXFF'),22,8,0,1,0);
Insert into AA.POST_MINI (POST_NO,BOARD_TYPE,BOARD_CATEGORY,REGDATE,VIEW_COUNT,USER_NO,LIKE_COUNT,YES,NO) values (55,'야구','스포츠',to_timestamp('24/07/31 14:34:15.172000000','RR/MM/DD HH24:MI:SSXFF'),18,24,0,1,1);
Insert into AA.POST_MINI (POST_NO,BOARD_TYPE,BOARD_CATEGORY,REGDATE,VIEW_COUNT,USER_NO,LIKE_COUNT,YES,NO) values (57,'넷플릭스','취미',to_timestamp('24/07/31 14:35:44.877000000','RR/MM/DD HH24:MI:SSXFF'),0,24,0,0,0);
REM INSERTING into AA.USERS
SET DEFINE OFF;
Insert into AA.USERS (USER_NO,ID,PW,NAME,DELETED) values (20,'test2@naver.com','qw1212','중복최종','N');
Insert into AA.USERS (USER_NO,ID,PW,NAME,DELETED) values (21,'abc@naver.com','abc123','홍길동','N');
Insert into AA.USERS (USER_NO,ID,PW,NAME,DELETED) values (25,'z@naver.com','qw1212','유선화','N');
Insert into AA.USERS (USER_NO,ID,PW,NAME,DELETED) values (26,'x@naver.com','qw1212','홍길동','N');
Insert into AA.USERS (USER_NO,ID,PW,NAME,DELETED) values (28,'q@naver.com','qw1212','홍길동','N');
Insert into AA.USERS (USER_NO,ID,PW,NAME,DELETED) values (30,'xx@naver.com','qw1212','홍길동','N');
Insert into AA.USERS (USER_NO,ID,PW,NAME,DELETED) values (32,'cc@naver.com','qw1212','유선화','N');
Insert into AA.USERS (USER_NO,ID,PW,NAME,DELETED) values (35,'ccc@naver.com','qw1212','홍길동','N');
Insert into AA.USERS (USER_NO,ID,PW,NAME,DELETED) values (37,'ggg@naver.com','qw1212','홍길동','N');
Insert into AA.USERS (USER_NO,ID,PW,NAME,DELETED) values (39,'tt@naver.com','qw1212','홍길동','N');
Insert into AA.USERS (USER_NO,ID,PW,NAME,DELETED) values (41,'yy@naver.com','qw1212','유선화','N');
Insert into AA.USERS (USER_NO,ID,PW,NAME,DELETED) values (42,'op@naver.com','123456b','123456b','N');
Insert into AA.USERS (USER_NO,ID,PW,NAME,DELETED) values (43,'qwer@naver.com','qwer123','qwer','N');
Insert into AA.USERS (USER_NO,ID,PW,NAME,DELETED) values (44,'zz@naver.com','qwer123','qwer123','N');
Insert into AA.USERS (USER_NO,ID,PW,NAME,DELETED) values (14,'test2@naver.com','qw1212','홍길동','N');
Insert into AA.USERS (USER_NO,ID,PW,NAME,DELETED) values (8,'1','1','테스트','N');
Insert into AA.USERS (USER_NO,ID,PW,NAME,DELETED) values (12,'helo@naver.com','qw1212','가짜','N');
Insert into AA.USERS (USER_NO,ID,PW,NAME,DELETED) values (15,'qw@12.ng','qw1212','홍길동','N');
Insert into AA.USERS (USER_NO,ID,PW,NAME,DELETED) values (13,'na@naver.com','qw1212','중복 확인','N');
Insert into AA.USERS (USER_NO,ID,PW,NAME,DELETED) values (17,'na@naver.com','qw1212','중복검사뻐킹','N');
Insert into AA.USERS (USER_NO,ID,PW,NAME,DELETED) values (18,'a@a.a','qw1212','토나와중복','N');
Insert into AA.USERS (USER_NO,ID,PW,NAME,DELETED) values (19,'a@a.ab','qw1212','중복검사ㅗㅗ','N');
Insert into AA.USERS (USER_NO,ID,PW,NAME,DELETED) values (22,'hello@naver.com','123456a','d','N');
Insert into AA.USERS (USER_NO,ID,PW,NAME,DELETED) values (23,'a@naver.com','123456a','a','N');
Insert into AA.USERS (USER_NO,ID,PW,NAME,DELETED) values (24,'b@naver.com','123456a','b','N');
Insert into AA.USERS (USER_NO,ID,PW,NAME,DELETED) values (27,'c@naver.com','123456a','c','N');
Insert into AA.USERS (USER_NO,ID,PW,NAME,DELETED) values (29,'d@naver.com','123456a','d','N');
Insert into AA.USERS (USER_NO,ID,PW,NAME,DELETED) values (31,'e@naver.com','123456a','e','N');
Insert into AA.USERS (USER_NO,ID,PW,NAME,DELETED) values (33,'f@naver.com','123456a','f','N');
Insert into AA.USERS (USER_NO,ID,PW,NAME,DELETED) values (34,'g@naver.com','123456a','g','N');
Insert into AA.USERS (USER_NO,ID,PW,NAME,DELETED) values (36,'h@naver.com','123456a','h','N');
Insert into AA.USERS (USER_NO,ID,PW,NAME,DELETED) values (38,'i@naver.com','123456a','i','N');
Insert into AA.USERS (USER_NO,ID,PW,NAME,DELETED) values (40,'j@naver.com','123456a','j','N');
Insert into AA.USERS (USER_NO,ID,PW,NAME,DELETED) values (10,'helo@naver.com','123123','변경이름','N');
Insert into AA.USERS (USER_NO,ID,PW,NAME,DELETED) values (11,'11@naver.com','123456','dk','N');
Insert into AA.USERS (USER_NO,ID,PW,NAME,DELETED) values (16,'s@nav.ere','qw1212','유선화','N');
Insert into AA.USERS (USER_NO,ID,PW,NAME,DELETED) values (9,'test2@naver.com','qw1212','유선화','N');
REM INSERTING into AA.VOTE
SET DEFINE OFF;
Insert into AA.VOTE (VOTE_ID,POST_NO,REGDATE,USER_NO) values (12,52,to_timestamp('24/07/31 15:09:14.682000000','RR/MM/DD HH24:MI:SSXFF'),8);
Insert into AA.VOTE (VOTE_ID,POST_NO,REGDATE,USER_NO) values (11,58,to_timestamp('24/07/31 15:08:31.127000000','RR/MM/DD HH24:MI:SSXFF'),21);
Insert into AA.VOTE (VOTE_ID,POST_NO,REGDATE,USER_NO) values (21,55,to_timestamp('24/07/31 15:50:53.036000000','RR/MM/DD HH24:MI:SSXFF'),38);
Insert into AA.VOTE (VOTE_ID,POST_NO,REGDATE,USER_NO) values (13,53,to_timestamp('24/07/31 15:10:45.133000000','RR/MM/DD HH24:MI:SSXFF'),8);
Insert into AA.VOTE (VOTE_ID,POST_NO,REGDATE,USER_NO) values (8,56,to_timestamp('24/07/31 14:54:03.364000000','RR/MM/DD HH24:MI:SSXFF'),44);
Insert into AA.VOTE (VOTE_ID,POST_NO,REGDATE,USER_NO) values (9,56,to_timestamp('24/07/31 14:58:13.019000000','RR/MM/DD HH24:MI:SSXFF'),8);
Insert into AA.VOTE (VOTE_ID,POST_NO,REGDATE,USER_NO) values (10,56,to_timestamp('24/07/31 15:01:01.326000000','RR/MM/DD HH24:MI:SSXFF'),27);
Insert into AA.VOTE (VOTE_ID,POST_NO,REGDATE,USER_NO) values (14,58,to_timestamp('24/07/31 15:12:28.284000000','RR/MM/DD HH24:MI:SSXFF'),8);
Insert into AA.VOTE (VOTE_ID,POST_NO,REGDATE,USER_NO) values (15,56,to_timestamp('24/07/31 15:13:00.539000000','RR/MM/DD HH24:MI:SSXFF'),21);
Insert into AA.VOTE (VOTE_ID,POST_NO,REGDATE,USER_NO) values (16,53,to_timestamp('24/07/31 15:14:11.140000000','RR/MM/DD HH24:MI:SSXFF'),21);
Insert into AA.VOTE (VOTE_ID,POST_NO,REGDATE,USER_NO) values (17,54,to_timestamp('24/07/31 15:38:20.074000000','RR/MM/DD HH24:MI:SSXFF'),21);
Insert into AA.VOTE (VOTE_ID,POST_NO,REGDATE,USER_NO) values (18,56,to_timestamp('24/07/31 15:38:36.743000000','RR/MM/DD HH24:MI:SSXFF'),30);
Insert into AA.VOTE (VOTE_ID,POST_NO,REGDATE,USER_NO) values (19,58,to_timestamp('24/07/31 15:38:43.078000000','RR/MM/DD HH24:MI:SSXFF'),30);
Insert into AA.VOTE (VOTE_ID,POST_NO,REGDATE,USER_NO) values (20,53,to_timestamp('24/07/31 15:39:17.468000000','RR/MM/DD HH24:MI:SSXFF'),30);
Insert into AA.VOTE (VOTE_ID,POST_NO,REGDATE,USER_NO) values (22,53,to_timestamp('24/07/31 15:53:07.253000000','RR/MM/DD HH24:MI:SSXFF'),40);
Insert into AA.VOTE (VOTE_ID,POST_NO,REGDATE,USER_NO) values (23,55,to_timestamp('24/07/31 15:53:17.269000000','RR/MM/DD HH24:MI:SSXFF'),40);
Insert into AA.VOTE (VOTE_ID,POST_NO,REGDATE,USER_NO) values (24,56,to_timestamp('24/07/31 15:53:42.101000000','RR/MM/DD HH24:MI:SSXFF'),40);
Insert into AA.VOTE (VOTE_ID,POST_NO,REGDATE,USER_NO) values (25,58,to_timestamp('24/07/31 15:57:58.937000000','RR/MM/DD HH24:MI:SSXFF'),44);
--------------------------------------------------------
--  DDL for Index BOARD_PK
--------------------------------------------------------

  CREATE UNIQUE INDEX "AA"."BOARD_PK" ON "AA"."BOARD" ("BOARD_ID") 
  PCTFREE 10 INITRANS 2 MAXTRANS 255 COMPUTE STATISTICS 
  STORAGE(INITIAL 65536 NEXT 1048576 MINEXTENTS 1 MAXEXTENTS 2147483645
  PCTINCREASE 0 FREELISTS 1 FREELIST GROUPS 1 BUFFER_POOL DEFAULT FLASH_CACHE DEFAULT CELL_FLASH_CACHE DEFAULT)
  TABLESPACE "USERS" ;
--------------------------------------------------------
--  DDL for Index MANAGER_PK
--------------------------------------------------------

  CREATE UNIQUE INDEX "AA"."MANAGER_PK" ON "AA"."MANAGER" ("USER_NO") 
  PCTFREE 10 INITRANS 2 MAXTRANS 255 COMPUTE STATISTICS 
  STORAGE(INITIAL 65536 NEXT 1048576 MINEXTENTS 1 MAXEXTENTS 2147483645
  PCTINCREASE 0 FREELISTS 1 FREELIST GROUPS 1 BUFFER_POOL DEFAULT FLASH_CACHE DEFAULT CELL_FLASH_CACHE DEFAULT)
  TABLESPACE "USERS" ;
--------------------------------------------------------
--  DDL for Index POST_COMMENT_PK
--------------------------------------------------------

  CREATE UNIQUE INDEX "AA"."POST_COMMENT_PK" ON "AA"."POST_COMMENT" ("COMMENT_NO") 
  PCTFREE 10 INITRANS 2 MAXTRANS 255 COMPUTE STATISTICS 
  STORAGE(INITIAL 65536 NEXT 1048576 MINEXTENTS 1 MAXEXTENTS 2147483645
  PCTINCREASE 0 FREELISTS 1 FREELIST GROUPS 1 BUFFER_POOL DEFAULT FLASH_CACHE DEFAULT CELL_FLASH_CACHE DEFAULT)
  TABLESPACE "USERS" ;
--------------------------------------------------------
--  DDL for Index POST_MINI_PK
--------------------------------------------------------

  CREATE UNIQUE INDEX "AA"."POST_MINI_PK" ON "AA"."POST_MINI" ("POST_NO") 
  PCTFREE 10 INITRANS 2 MAXTRANS 255 COMPUTE STATISTICS 
  STORAGE(INITIAL 65536 NEXT 1048576 MINEXTENTS 1 MAXEXTENTS 2147483645
  PCTINCREASE 0 FREELISTS 1 FREELIST GROUPS 1 BUFFER_POOL DEFAULT FLASH_CACHE DEFAULT CELL_FLASH_CACHE DEFAULT)
  TABLESPACE "USERS" ;
--------------------------------------------------------
--  DDL for Index USERS_PK
--------------------------------------------------------

  CREATE UNIQUE INDEX "AA"."USERS_PK" ON "AA"."USERS" ("USER_NO") 
  PCTFREE 10 INITRANS 2 MAXTRANS 255 COMPUTE STATISTICS 
  STORAGE(INITIAL 65536 NEXT 1048576 MINEXTENTS 1 MAXEXTENTS 2147483645
  PCTINCREASE 0 FREELISTS 1 FREELIST GROUPS 1 BUFFER_POOL DEFAULT FLASH_CACHE DEFAULT CELL_FLASH_CACHE DEFAULT)
  TABLESPACE "USERS" ;
--------------------------------------------------------
--  DDL for Index VOTE_PK
--------------------------------------------------------

  CREATE UNIQUE INDEX "AA"."VOTE_PK" ON "AA"."VOTE" ("VOTE_ID") 
  PCTFREE 10 INITRANS 2 MAXTRANS 255 COMPUTE STATISTICS 
  STORAGE(INITIAL 65536 NEXT 1048576 MINEXTENTS 1 MAXEXTENTS 2147483645
  PCTINCREASE 0 FREELISTS 1 FREELIST GROUPS 1 BUFFER_POOL DEFAULT FLASH_CACHE DEFAULT CELL_FLASH_CACHE DEFAULT)
  TABLESPACE "USERS" ;
--------------------------------------------------------
--  DDL for Index BOARD_PK
--------------------------------------------------------

  CREATE UNIQUE INDEX "AA"."BOARD_PK" ON "AA"."BOARD" ("BOARD_ID") 
  PCTFREE 10 INITRANS 2 MAXTRANS 255 COMPUTE STATISTICS 
  STORAGE(INITIAL 65536 NEXT 1048576 MINEXTENTS 1 MAXEXTENTS 2147483645
  PCTINCREASE 0 FREELISTS 1 FREELIST GROUPS 1 BUFFER_POOL DEFAULT FLASH_CACHE DEFAULT CELL_FLASH_CACHE DEFAULT)
  TABLESPACE "USERS" ;
--------------------------------------------------------
--  DDL for Index MANAGER_PK
--------------------------------------------------------

  CREATE UNIQUE INDEX "AA"."MANAGER_PK" ON "AA"."MANAGER" ("USER_NO") 
  PCTFREE 10 INITRANS 2 MAXTRANS 255 COMPUTE STATISTICS 
  STORAGE(INITIAL 65536 NEXT 1048576 MINEXTENTS 1 MAXEXTENTS 2147483645
  PCTINCREASE 0 FREELISTS 1 FREELIST GROUPS 1 BUFFER_POOL DEFAULT FLASH_CACHE DEFAULT CELL_FLASH_CACHE DEFAULT)
  TABLESPACE "USERS" ;
--------------------------------------------------------
--  DDL for Index POST_COMMENT_PK
--------------------------------------------------------

  CREATE UNIQUE INDEX "AA"."POST_COMMENT_PK" ON "AA"."POST_COMMENT" ("COMMENT_NO") 
  PCTFREE 10 INITRANS 2 MAXTRANS 255 COMPUTE STATISTICS 
  STORAGE(INITIAL 65536 NEXT 1048576 MINEXTENTS 1 MAXEXTENTS 2147483645
  PCTINCREASE 0 FREELISTS 1 FREELIST GROUPS 1 BUFFER_POOL DEFAULT FLASH_CACHE DEFAULT CELL_FLASH_CACHE DEFAULT)
  TABLESPACE "USERS" ;
--------------------------------------------------------
--  DDL for Index POST_MINI_PK
--------------------------------------------------------

  CREATE UNIQUE INDEX "AA"."POST_MINI_PK" ON "AA"."POST_MINI" ("POST_NO") 
  PCTFREE 10 INITRANS 2 MAXTRANS 255 COMPUTE STATISTICS 
  STORAGE(INITIAL 65536 NEXT 1048576 MINEXTENTS 1 MAXEXTENTS 2147483645
  PCTINCREASE 0 FREELISTS 1 FREELIST GROUPS 1 BUFFER_POOL DEFAULT FLASH_CACHE DEFAULT CELL_FLASH_CACHE DEFAULT)
  TABLESPACE "USERS" ;
--------------------------------------------------------
--  DDL for Index USERS_PK
--------------------------------------------------------

  CREATE UNIQUE INDEX "AA"."USERS_PK" ON "AA"."USERS" ("USER_NO") 
  PCTFREE 10 INITRANS 2 MAXTRANS 255 COMPUTE STATISTICS 
  STORAGE(INITIAL 65536 NEXT 1048576 MINEXTENTS 1 MAXEXTENTS 2147483645
  PCTINCREASE 0 FREELISTS 1 FREELIST GROUPS 1 BUFFER_POOL DEFAULT FLASH_CACHE DEFAULT CELL_FLASH_CACHE DEFAULT)
  TABLESPACE "USERS" ;
--------------------------------------------------------
--  DDL for Index VOTE_PK
--------------------------------------------------------

  CREATE UNIQUE INDEX "AA"."VOTE_PK" ON "AA"."VOTE" ("VOTE_ID") 
  PCTFREE 10 INITRANS 2 MAXTRANS 255 COMPUTE STATISTICS 
  STORAGE(INITIAL 65536 NEXT 1048576 MINEXTENTS 1 MAXEXTENTS 2147483645
  PCTINCREASE 0 FREELISTS 1 FREELIST GROUPS 1 BUFFER_POOL DEFAULT FLASH_CACHE DEFAULT CELL_FLASH_CACHE DEFAULT)
  TABLESPACE "USERS" ;
--------------------------------------------------------
--  DDL for Trigger BOARD_BI
--------------------------------------------------------

  CREATE OR REPLACE TRIGGER "AA"."BOARD_BI" 
BEFORE INSERT ON AA.BOARD
FOR EACH ROW
BEGIN
  :NEW.BOARD_ID := AA.BOARD_BOARD_ID_SEQ.NEXTVAL;
END;
/
ALTER TRIGGER "AA"."BOARD_BI" ENABLE;
--------------------------------------------------------
--  DDL for Trigger POST_BI
--------------------------------------------------------

  CREATE OR REPLACE TRIGGER "AA"."POST_BI" 
BEFORE INSERT ON AA.POST
FOR EACH ROW
BEGIN
  :NEW.POST_NO := AA.POST_POST_NO_SEQ.NEXTVAL;
END;
/
ALTER TRIGGER "AA"."POST_BI" ENABLE;
--------------------------------------------------------
--  DDL for Trigger POST_COMMENT_BI
--------------------------------------------------------

  CREATE OR REPLACE TRIGGER "AA"."POST_COMMENT_BI" 
BEFORE INSERT ON AA.POST_COMMENT
FOR EACH ROW
BEGIN
  :NEW.COMMENT_NO := AA.POST_COMMENT_COMMENT_NO_SEQ.NEXTVAL;
END; 
/
ALTER TRIGGER "AA"."POST_COMMENT_BI" ENABLE;
--------------------------------------------------------
--  DDL for Trigger POST_MINI_BI
--------------------------------------------------------

  CREATE OR REPLACE TRIGGER "AA"."POST_MINI_BI" 
BEFORE INSERT ON AA.POST_MINI
FOR EACH ROW
BEGIN
  :NEW.POST_NO := AA.POST_MINI_POST_NO_SEQ.NEXTVAL;
END;
/
ALTER TRIGGER "AA"."POST_MINI_BI" ENABLE;
--------------------------------------------------------
--  DDL for Trigger USERS_BI
--------------------------------------------------------

  CREATE OR REPLACE TRIGGER "AA"."USERS_BI" 
BEFORE INSERT ON AA.USERS
FOR EACH ROW
BEGIN
  :NEW.USER_NO := USER_SEQ.NEXTVAL;
END;
/
ALTER TRIGGER "AA"."USERS_BI" ENABLE;
--------------------------------------------------------
--  DDL for Trigger VOTE_TRG
--------------------------------------------------------

  CREATE OR REPLACE TRIGGER "AA"."VOTE_TRG" 
BEFORE INSERT ON "AA"."VOTE"
FOR EACH ROW
BEGIN
   -- VOTE_ID를 시퀀스 값으로 설정
   IF :NEW."VOTE_ID" IS NULL THEN
      SELECT "AA"."VOTE_SEQ".NEXTVAL
      INTO :NEW."VOTE_ID"
      FROM dual;
   END IF;
END;
/
ALTER TRIGGER "AA"."VOTE_TRG" ENABLE;
--------------------------------------------------------
--  DDL for Trigger BOARD_BI
--------------------------------------------------------

  CREATE OR REPLACE TRIGGER "AA"."BOARD_BI" 
BEFORE INSERT ON AA.BOARD
FOR EACH ROW
BEGIN
  :NEW.BOARD_ID := AA.BOARD_BOARD_ID_SEQ.NEXTVAL;
END;
/
ALTER TRIGGER "AA"."BOARD_BI" ENABLE;
--------------------------------------------------------
--  DDL for Trigger POST_BI
--------------------------------------------------------

  CREATE OR REPLACE TRIGGER "AA"."POST_BI" 
BEFORE INSERT ON AA.POST
FOR EACH ROW
BEGIN
  :NEW.POST_NO := AA.POST_POST_NO_SEQ.NEXTVAL;
END;
/
ALTER TRIGGER "AA"."POST_BI" ENABLE;
--------------------------------------------------------
--  DDL for Trigger POST_COMMENT_BI
--------------------------------------------------------

  CREATE OR REPLACE TRIGGER "AA"."POST_COMMENT_BI" 
BEFORE INSERT ON AA.POST_COMMENT
FOR EACH ROW
BEGIN
  :NEW.COMMENT_NO := AA.POST_COMMENT_COMMENT_NO_SEQ.NEXTVAL;
END; 
/
ALTER TRIGGER "AA"."POST_COMMENT_BI" ENABLE;
--------------------------------------------------------
--  DDL for Trigger POST_MINI_BI
--------------------------------------------------------

  CREATE OR REPLACE TRIGGER "AA"."POST_MINI_BI" 
BEFORE INSERT ON AA.POST_MINI
FOR EACH ROW
BEGIN
  :NEW.POST_NO := AA.POST_MINI_POST_NO_SEQ.NEXTVAL;
END;
/
ALTER TRIGGER "AA"."POST_MINI_BI" ENABLE;
--------------------------------------------------------
--  DDL for Trigger USERS_BI
--------------------------------------------------------

  CREATE OR REPLACE TRIGGER "AA"."USERS_BI" 
BEFORE INSERT ON AA.USERS
FOR EACH ROW
BEGIN
  :NEW.USER_NO := USER_SEQ.NEXTVAL;
END;
/
ALTER TRIGGER "AA"."USERS_BI" ENABLE;
--------------------------------------------------------
--  DDL for Trigger VOTE_TRG
--------------------------------------------------------

  CREATE OR REPLACE TRIGGER "AA"."VOTE_TRG" 
BEFORE INSERT ON "AA"."VOTE"
FOR EACH ROW
BEGIN
   -- VOTE_ID를 시퀀스 값으로 설정
   IF :NEW."VOTE_ID" IS NULL THEN
      SELECT "AA"."VOTE_SEQ".NEXTVAL
      INTO :NEW."VOTE_ID"
      FROM dual;
   END IF;
END;
/
ALTER TRIGGER "AA"."VOTE_TRG" ENABLE;
--------------------------------------------------------
--  Constraints for Table BOARD
--------------------------------------------------------

  ALTER TABLE "AA"."BOARD" MODIFY ("BOARD_ID" NOT NULL ENABLE);
  ALTER TABLE "AA"."BOARD" ADD CONSTRAINT "BOARD_PK" PRIMARY KEY ("BOARD_ID")
  USING INDEX PCTFREE 10 INITRANS 2 MAXTRANS 255 COMPUTE STATISTICS 
  STORAGE(INITIAL 65536 NEXT 1048576 MINEXTENTS 1 MAXEXTENTS 2147483645
  PCTINCREASE 0 FREELISTS 1 FREELIST GROUPS 1 BUFFER_POOL DEFAULT FLASH_CACHE DEFAULT CELL_FLASH_CACHE DEFAULT)
  TABLESPACE "USERS"  ENABLE;
--------------------------------------------------------
--  Constraints for Table MANAGER
--------------------------------------------------------

  ALTER TABLE "AA"."MANAGER" ADD CONSTRAINT "MANAGER_PK" PRIMARY KEY ("USER_NO")
  USING INDEX PCTFREE 10 INITRANS 2 MAXTRANS 255 COMPUTE STATISTICS 
  STORAGE(INITIAL 65536 NEXT 1048576 MINEXTENTS 1 MAXEXTENTS 2147483645
  PCTINCREASE 0 FREELISTS 1 FREELIST GROUPS 1 BUFFER_POOL DEFAULT FLASH_CACHE DEFAULT CELL_FLASH_CACHE DEFAULT)
  TABLESPACE "USERS"  ENABLE;
  ALTER TABLE "AA"."MANAGER" MODIFY ("USER_NO" NOT NULL ENABLE);
--------------------------------------------------------
--  Constraints for Table POST
--------------------------------------------------------

  ALTER TABLE "AA"."POST" MODIFY ("CONTENT" NOT NULL ENABLE);
  ALTER TABLE "AA"."POST" MODIFY ("LIKE_COUNT" NOT NULL ENABLE);
  ALTER TABLE "AA"."POST" MODIFY ("VIEW_COUNT" NOT NULL ENABLE);
  ALTER TABLE "AA"."POST" MODIFY ("TITLE" NOT NULL ENABLE);
  ALTER TABLE "AA"."POST" MODIFY ("USER_NO" NOT NULL ENABLE);
  ALTER TABLE "AA"."POST" MODIFY ("POST_NO" NOT NULL ENABLE);
--------------------------------------------------------
--  Constraints for Table POST_COMMENT
--------------------------------------------------------

  ALTER TABLE "AA"."POST_COMMENT" ADD CONSTRAINT "POST_COMMENT_PK" PRIMARY KEY ("COMMENT_NO")
  USING INDEX PCTFREE 10 INITRANS 2 MAXTRANS 255 COMPUTE STATISTICS 
  STORAGE(INITIAL 65536 NEXT 1048576 MINEXTENTS 1 MAXEXTENTS 2147483645
  PCTINCREASE 0 FREELISTS 1 FREELIST GROUPS 1 BUFFER_POOL DEFAULT FLASH_CACHE DEFAULT CELL_FLASH_CACHE DEFAULT)
  TABLESPACE "USERS"  ENABLE;
  ALTER TABLE "AA"."POST_COMMENT" MODIFY ("LIKE_COUNT" NOT NULL ENABLE);
  ALTER TABLE "AA"."POST_COMMENT" MODIFY ("COMMENT_CONTENT" NOT NULL ENABLE);
  ALTER TABLE "AA"."POST_COMMENT" MODIFY ("POST_NO" NOT NULL ENABLE);
  ALTER TABLE "AA"."POST_COMMENT" MODIFY ("BOARD_ID" NOT NULL ENABLE);
  ALTER TABLE "AA"."POST_COMMENT" MODIFY ("USER_NO" NOT NULL ENABLE);
  ALTER TABLE "AA"."POST_COMMENT" MODIFY ("COMMENT_NO" NOT NULL ENABLE);
--------------------------------------------------------
--  Constraints for Table POST_MINI
--------------------------------------------------------

  ALTER TABLE "AA"."POST_MINI" MODIFY ("NO" NOT NULL ENABLE);
  ALTER TABLE "AA"."POST_MINI" MODIFY ("YES" NOT NULL ENABLE);
  ALTER TABLE "AA"."POST_MINI" MODIFY ("USER_NO" NOT NULL ENABLE);
  ALTER TABLE "AA"."POST_MINI" MODIFY ("VIEW_COUNT" NOT NULL ENABLE);
  ALTER TABLE "AA"."POST_MINI" ADD CONSTRAINT "POST_MINI_PK" PRIMARY KEY ("POST_NO")
  USING INDEX PCTFREE 10 INITRANS 2 MAXTRANS 255 COMPUTE STATISTICS 
  STORAGE(INITIAL 65536 NEXT 1048576 MINEXTENTS 1 MAXEXTENTS 2147483645
  PCTINCREASE 0 FREELISTS 1 FREELIST GROUPS 1 BUFFER_POOL DEFAULT FLASH_CACHE DEFAULT CELL_FLASH_CACHE DEFAULT)
  TABLESPACE "USERS"  ENABLE;
  ALTER TABLE "AA"."POST_MINI" MODIFY ("REGDATE" NOT NULL ENABLE);
  ALTER TABLE "AA"."POST_MINI" MODIFY ("BOARD_CATEGORY" NOT NULL ENABLE);
  ALTER TABLE "AA"."POST_MINI" MODIFY ("BOARD_TYPE" NOT NULL ENABLE);
  ALTER TABLE "AA"."POST_MINI" MODIFY ("POST_NO" NOT NULL ENABLE);
  ALTER TABLE "AA"."POST_MINI" MODIFY ("LIKE_COUNT" NOT NULL ENABLE);
--------------------------------------------------------
--  Constraints for Table USERS
--------------------------------------------------------

  ALTER TABLE "AA"."USERS" MODIFY ("PW" NOT NULL ENABLE);
  ALTER TABLE "AA"."USERS" MODIFY ("NAME" NOT NULL ENABLE);
  ALTER TABLE "AA"."USERS" MODIFY ("ID" NOT NULL ENABLE);
  ALTER TABLE "AA"."USERS" ADD CONSTRAINT "USERS_PK" PRIMARY KEY ("USER_NO")
  USING INDEX PCTFREE 10 INITRANS 2 MAXTRANS 255 COMPUTE STATISTICS 
  STORAGE(INITIAL 65536 NEXT 1048576 MINEXTENTS 1 MAXEXTENTS 2147483645
  PCTINCREASE 0 FREELISTS 1 FREELIST GROUPS 1 BUFFER_POOL DEFAULT FLASH_CACHE DEFAULT CELL_FLASH_CACHE DEFAULT)
  TABLESPACE "USERS"  ENABLE;
  ALTER TABLE "AA"."USERS" MODIFY ("DELETED" NOT NULL ENABLE);
--------------------------------------------------------
--  Constraints for Table VOTE
--------------------------------------------------------

  ALTER TABLE "AA"."VOTE" ADD CONSTRAINT "VOTE_PK" PRIMARY KEY ("VOTE_ID")
  USING INDEX PCTFREE 10 INITRANS 2 MAXTRANS 255 COMPUTE STATISTICS 
  STORAGE(INITIAL 65536 NEXT 1048576 MINEXTENTS 1 MAXEXTENTS 2147483645
  PCTINCREASE 0 FREELISTS 1 FREELIST GROUPS 1 BUFFER_POOL DEFAULT FLASH_CACHE DEFAULT CELL_FLASH_CACHE DEFAULT)
  TABLESPACE "USERS"  ENABLE;
  ALTER TABLE "AA"."VOTE" MODIFY ("VOTE_ID" NOT NULL ENABLE);
  ALTER TABLE "AA"."VOTE" MODIFY ("USER_NO" NOT NULL ENABLE);
  ALTER TABLE "AA"."VOTE" MODIFY ("REGDATE" NOT NULL ENABLE);
  ALTER TABLE "AA"."VOTE" MODIFY ("POST_NO" NOT NULL ENABLE);
--------------------------------------------------------
--  Ref Constraints for Table USERS
--------------------------------------------------------

  ALTER TABLE "AA"."USERS" ADD CONSTRAINT "USERS_FK1" FOREIGN KEY ("USER_NO")
	  REFERENCES "AA"."USERS" ("USER_NO") ENABLE;
